Aaron,
Tamara,
Lianne,
Eddie,
Tomeka,
Rosalee,
Lisabeth,
Florencio,
Keli,
Shonta,
Robbie,
Floyd,
Brittanie,
Albertha,
Zina,
Inga,
Allan,
Leopoldo,
Alyssa,
Sherryl,
Garland,
Jefferey,
Mabelle,
Sammy,
Alexia,
Candra,
Joe,
Carry,
Stewart,
Dina,
Janae,
Keturah,
Tynisha,
Elisha,
Carmelia,
Alyson,
Darleen,
Charlie,
Roy,
Myrtis,
Melony,
Darrin,
Adrianne,
Wendolyn,
Belia,
Shalanda,
Katrina,
Estelle,
Elijah,
Particia,
Mara,
Hanh,
Ruth,
Mohamed,
Ryan,
Deandre,
Tammi,
Sadie,
Jimmy,
Francis,
Seema,
Gale,
Lesa,
Willy,
Elizabet,
Yoko,
Corie,
Karina,
Jed,
Margot,
Petronila,
Palma,
Latia,
Akilah,
Beatrice,
Alida,
Stephine,
Marquetta,
Gene,
Bernetta,
Eleanora,
Shanell,
Kyung,
Francesco,
Rex,
Elicia,
Keila,
Sal,
Jeanna,
Merle,
Maile,
Magdalene,
Esperanza,
Dominga,
Tia,
Claude,
Serita,
Gia,
Shad,
Jeanette,
Daryl,
Johanna,
Andria,
Clint,
Bobbye,
Aron,
Dino,
Tameka,
Kaley,
Mauricio,
Porfirio,
Carey,
Lorenza,
Marta,
Lillie,
Janell,
Eusebio,
Kellee,
Elidia,
Freddy,
Jamey,
Shavonne,
May,
Aldo,
Malka,
Colby,
Lupe,
Meri,
Bea,
Kandy,
Carmelina,
Michelina,
John,
Trent,
Brandie,
Irena,
Kourtney,
Ema,
Joseph,
Julian,
Quinn,
Nubia,
Cathie,
Collette,
Dustin,
Don,
Nelson,
Shizue,
Tony,
Ossie,
Tambra,
Ela,
Tawny,
Jenine,
Lolita,
Treva,
Rena,
Buffy,
Racheal,
Emmitt,
Eileen,
Tenisha,
Latoyia,
Rafael,
Vada,
Krystle,
Tina,
Alberto,
Jettie,
Belen,
Ebony,
Renna,
Divina,
Noel,
Vincenzo,
Tashia,
Mindy,
Viviana,
Gayle,
Lazaro,
Heide,
Laverna,
Lola,
Susana,
Morton,
Yung,
Mui,
Daine,
Adriene,
Desire,
Savanna,
Lina,
Mathilde,
Mariette,
Siu,
Cherlyn,
Valentin,
Parker,
Myriam,
Ludie,
Cristine,
Talia,
Michel,
Jerry,
Alan,
Lou,
Amber,
Bobby,
Wilfredo,
Winford,
Nigel,
Winifred,
Annett,
Tonisha,
Kori,
Chan,
Dario,
Dulce,
Arthur,
Justin,
Isaac,
Lavern,
Joellen,
Evelynn,
Shasta,
Rheba,
Cyrus,
Mariko,
Kandi,
Winston,
Donald,
Kimber,
Simona,
Corrie,
Essie,
Branden,
Anabel,
Danette,
Lesia,
Trudie,
Madelene,
Danielle,
Ashlie,
Vida,
Malik,
Cory,
Shemika,
Alfred,
Carroll,
Mable,
Lacie,
Korey,
Lovie,
Dick,
Regan,
Deloris,
Elroy,
Jesenia,
Sherrell,
Shenita,
Lanny,
Greta,
Karoline,
Penney,
Yolando,
Debera,
Jan,
Otilia,
Toney,
Justine,
Emanuel,
Ronald,
Jarrett,
Milagros,
Tamika,
Charisse,
Waltraud,
Burt,
Rubi,
Casey,
Kena,
Harriette,
Rigoberto,
Marylynn,
Melaine,
Katia,
Agustina,
Aurora,
Ashton,
Denny,
Caitlyn,
Felecia,
Pricilla,
Lacy,
Arnulfo,
Lilli,
Soon,
Nadene,
Rosio,
Theodore,
Julio,
Verline,
Geralyn,
Virgil,
Lorette,
Raul,
Merlin,
Cassie,
Shanae,
Thresa,
Wade,
Lynn,
Britt,
Jeri,
Ignacia,
Lucius,
Lashandra,
Arnette,
Kizzy,
Ngoc,
Monroe,
Myong,
Moon,
Sandy,
Edelmira,
Rachael,
Jerrell,
Bridgette,
Ellamae,
Gregory,
Stefani,
Kemberly,
Charolette,
Kum,
Ranee,
Ara,
Edie,
Tomas,
Juan,
Spencer,
Reita,
Latonia,
Lorriane,
Annabell,
Rosette,
Suzanna,
Marc,
Yessenia,
Georgiana,
Annamaria,
Arvilla,
Gemma,
Norma,
Marth,
Angelita,
Dodie,
Cassaundra,
Emma,
Nga,
Dudley,
Felicia,
Johnetta,
Priscila,
Carie,
Annmarie,
Burl,
Wava,
Waneta,
Angila,
Deeanna,
Therese,
Trevor,
Tandy,
Olimpia,
Margarite,
Cristopher,
Johana,
Vernon,
Lynetta,
Muriel,
Alethea,
Sherly,
Fernanda,
Iola,
Chris,
Kareem,
Burma,
Lydia,
Rosaline,
Macy,
Florinda,
Exie,
Catina,
Imogene,
Dominick,
Otto,
Jarred,
Doloris,
Classie,
Jarod,
Madelyn,
Karole,
Aracely,
Retta,
Charlsie,
Laurence,
Felipa,
Shalonda,
Molly,
Louie,
Ariel,
Federico,
Ciera,
Suanne,
Shawn,
Caroyln,
Chasidy,
Wilda,
Trinidad,
Nguyet,
Camila,
Dorian,
Tatiana,
Abbie,
Marvis,
Yuri,
Eunice,
Heidy,
Rosendo,
Janita,
Lavon,
Denver,
Annemarie,
Angelica,
Joey,
Faviola,
Eleonore,
Claretha,
Chu,
Marylin,
Marisol,
Emmy,
Avery,
Thanh,
Tamica,
Kiersten,
Genna,
Jayson,
Yen,
Lanora,
Jesse,
Katherin,
Alaina,
Kristeen,
Hershel,
Jamila,
Despina,
Staci,
Rhea,
Robbin,
Annis,
Bree,
Chelsea,
Simon,
Noble,
Louis,
Odilia,
Amalia,
Mikaela,
Shana,
Antonia,
Antoine,
Lizabeth,
Patria,
Lonny,
Elina,
Tiesha,
Corazon,
Melia,
Coy,
Forrest,
Chelsie,
Damion,
Misha,
Oleta,
Ali,
Clark,
Catarina,
Karyn,
Tyler,
Jackeline,
Laurene,
Magaly,
Silas,
Maryam,
Jay,
Gita,
Windy,
Berry,
Cornelius,
Bobbie,
Griselda,
Diann,
Evelia,
Kristian,
Donna,
Aja,
Myra,
Barry,
Peggy,
Ike,
Chas,
Marline,
Jason,
Reinaldo,
Isabelle,
German,
Noella,
Hettie,
Stacia,
Jada,
Jeanene,
Ailene,
Fidel,
Kim,
Lisandra,
Lon,
Arica,
Natosha,
Jodi,
Candace,
Magen,
Jerri,
Hosea,
Katerine,
Marlin,
Racquel,
Keitha,
Iraida,
Maggie,
Eugenia,
Waylon,
Marquis,
Tempie,
Jeanne,
Jordon,
Julio,
Bret,
Jon,
Sebrina,
Domitila,
Shameka,
Elisha,
Briana,
June,
Marcelo,
Marhta,
Irvin,
Thelma,
Roseanne,
Karlyn,
Marquitta,
Robert,
Louis,
Tricia,
Tamekia,
Tashina,
Wesley,
Sima,
Libbie,
Saundra,
Tori,
Elinor,
Jesusita,
Cherelle,
Chi,
Marlyn,
Terese,
Enda,
Venice,
Myles,
Vonnie,
Gabriele,
Delfina,
Lecia,
Luis,
Noreen,
Ermelinda,
Yuonne,
Carita,
Marinda,
Tobi,
Cody,
Vasiliki,
Kelle,
Jordan,
Kaycee,
Florentino,
Samuel,
Shamika,
Brynn,
Fermina,
Kelsey,
Edison,
Donny,
Eugena,
Stephen,
Shelli,
Garrett,
Mitch,
Carly,
Hai,
Janel,
Andre,
Granville,
Sean,
Tajuana,
Sasha,
Jennie,
Juana,
Cindi,
Cira,
Tyron,
Kary,
Dierdre,
Vincenza,
Lael,
Drew,
Kathline,
Garnett,
Ellen,
Micheline,
Aundrea,
Robena,
Thuy,
Hyun,
Ula,
Travis,
Kelley,
Augustus,
Elfrieda,
Leslie,
Ja,
Micheal,
Weston,
Twana,
Irwin,
Micah,
Luise,
Ian,
Fumiko,
Maricela,
Alejandrina,
Miguel,
Zackary,
Lucien,
Margeret,
Marcelle,
Maye,
Grover,
Brunilda,
Candyce,
Sherika,
Laverne,
Leslee,
Dale,
Dannielle,
Juliette,
Candis,
Astrid,
Roseline,
Trinity,
Asuncion,
Harold,
Porter,
Leda,
Lore,
Eleanore,
Shin,
Shenna,
Annetta,
Richard,
Angelique,
Alise,
Sandra,
Dewayne,
Junior,
Jesus,
Gearldine,
Lenard,
Layne,
Sanora,
Mee,
Debora,
Kendrick,
Carl,
Sharyl,
Amiee,
Vivien,
Jeremiah,
Lakisha,
Georgianna,
Israel,
Brendon,
Jessica,
Darby,
Luisa,
Athena,
Shante,
Luigi,
Lawana,
Alfredia,
Celestina,
Ariel,
Antoinette,
Harriett,
Ezra,
Rayford,
Nettie,
Stacy,
Neomi,
Lindsay,
Tatum,
Dong,
Pasquale,
Luvenia,
Samira,
Leland,
Maryjo,
Earle,
Dimple,
Aleen,
Katlyn,
Kandace,
Dusty,
Sung,
Miriam,
Carlee,
Gwendolyn,
Johna,
Synthia,
Harry,
Ray,
Ernestine,
Maryanne,
Kirby,
Giuseppe,
Dinah,
Hortensia,
Traci,
Rosamond,
Brigette,
Maricruz,
Blake,
Waldo,
Berneice,
Lashaun,
Lucretia,
Bobbi,
Samual,
Ressie,
Lynette,
Deloise,
Octavio,
Tiny,
Gidget,
Usha,
Sherman,
Madalyn,
Marci,
Lyle,
Adelina,
Willetta,
Shawnee,
Eva,
Jolene,
Felipe,
Annamae,
Kayce,
Joaquina,
Gertie,
Wayne,
Ninfa,
Wendell,
Lavette,
Loria,
Bronwyn,
Lorri,
Deadra,
Rogelio,
Carlo,
Jodie,
Elena,
Leo,
Sage,
Moira,
Nydia,
Janay,
Jacklyn,
Lindy,
Rosy,
Laurice,
Tobias,
Denyse,
Abdul,
Darcey,
Sade,
Becki,
Debra,
Alina,
Estella,
Leanne,
Elizabeth,
Hong,
Dillon,
Valda,
Madeline,
Wanetta,
Kiera,
Luz,
Niki,
Ayanna,
Carlene,
Tonia,
France,
Alice,
Christoper,
Jorge,
Mercedes,
Leon,
Alvera,
Duane,
Jerold,
Brittni,
Mayme,
Charmaine,
Demetrice,
Reda,
Deetta,
Issac,
Ryan,
Ila,
Amanda,
Blanch,
Terra,
Erick,
Ingrid,
Ivelisse,
Suzann,
Jin,
Christopher,
Marlin,
Tommy,
Tran,
Woodrow,
Ernie,
Jade,
Orlando,
Jennell,
Kattie,
Grayce,
Narcisa,
Ruthe,
Boyce,
Darin,
Phyllis,
Marisa,
Hulda,
Ettie,
Clelia,
Chong,
Helene,
Jasmine,
Britteny,
Leon,
Geraldo,
Gregg,
Hayden,
Manuela,
Carolee,
Franchesca,
Roxanna,
Devora,
Shu,
Lavera,
Dannie,
Kristopher,
Nicky,
Krista,
Arie,
Shawana,
Gladis,
Jonah,
Brent,
Karyl,
Araceli,
Janiece,
Jose,
Zane,
Zachary,
Pauline,
Velva,
Renate,
Omega,
Bella,
Iris,
Gayle,
Prince,
Kris,
Stacee,
Ester,
Ellyn,
Jean,
Jacob,
Courtney,
Guillermina,
Aracelis,
Blake,
Tarra,
Cortez,
Carmine,
Loraine,
Kitty,
Rose,
Tilda,
Nikole,
Luella,
Aretha,
Lorine,
Joannie,
Russell,
Vernetta,
Bernardina,
Renato,
Theo,
Kathie,
Shanta,
Myrle,
Melina,
Tawanna,
Jamie,
Ilona,
Tandra,
Mariela,
Sofia,
Anjanette,
Johnathon,
Elane,
Catalina,
Sonia,
Alex,
Gregorio,
Chad,
Randal,
Keven,
Davis,
Ramiro,
Mathilda,
Patience,
Buddy,
Emelina,
Isela,
Vilma,
Keshia,
Donovan,
Brad,
Renda,
Saturnina,
Evan,
Shaunna,
Jermaine,
Kendra,
Chassidy,
Trula,
Kenna,
Millard,
Linn,
Elissa,
Steve,
Boyd,
Richie,
Cassy,
Chanda,
Christian,
Merilyn,
Jeromy,
Delaine,
Hector,
Vernita,
Jerlene,
Adam,
Kendal,
Twila,
Garnet,
Love,
Taneka,
Matt,
Rosena,
Velia,
Anita,
Alena,
Sona,
Harris,
Carri,
Dorathy,
Shane,
Oda,
Tammara,
Kara,
Danyell,
Marylyn,
Tona,
Theron,
Dalila,
Klara,
Susy,
Era,
Carolann,
Jenette,
Delisa,
Fran,
Rema,
Jeanelle,
Dusty,
Leonie,
Fredda,
Lacey,
Sharonda,
Connie,
Ella,
Kelsie,
Saul,
Kellye,
Codi,
Maryrose,
Ryann,
Amberly,
Xiomara,
Lyndsey,
Dominic,
Marlen,
Gianna,
Rory,
Coral,
Carmon,
Evelyne,
Shaquana,
Otelia,
Jaimee,
Marry,
Dan,
Manual,
Jonathon,
Erlinda,
Renea,
Lin,
Earnestine,
Isadora,
Yuette,
Fe,
Marshall,
Telma,
Erlene,
Adela,
Anamaria,
Dee,
Willodean,
Irish,
Julia,
Cortney,
Gerardo,
Hazel,
Rima,
Regine,
Evan,
Nakia,
Onita,
Kerry,
Miesha,
Judie,
Monica,
Jalisa,
Kati,
Mandy,
Tarah,
Karine,
Michael,
Deandrea,
Leonel,
Barbie,
Jose,
Creola,
Sam,
Neoma,
Bennie,
Lindsey,
Shayla,
Maire,
Galina,
Johnny,
Curt,
Julieann,
Elliott,
Leif,
Ethelene,
Pansy,
Sierra,
Garry,
Effie,
Irene,
Jc,
Rashad,
Josefina,
Marsha,
Willa,
Manda,
Diane,
Syreeta,
Blaine,
Chau,
Young,
Dora,
Lilly,
Terrence,
Berry,
Ha,
Amos,
Teena,
Susanne,
Ewa,
Peg,
Novella,
Ouida,
Evelina,
Belle,
Tamela,
Jess,
Candida,
Lenita,
Claudia,
Clemente,
Enoch,
Ty,
Margarita,
Sau,
Gloria,
Chuck,
Layla,
Angele,
Celina,
Holly,
Beverley,
Shanti,
Omer,
Zulma,
Alma,
Shella,
Micki,
Corrin,
Isa,
Carlos,
Bill,
Francisco,
Julianne,
Armand,
Vinita,
Clemencia,
Edgardo,
Charmain,
Nereida,
Catrina,
Avis,
Casie,
Sandie,
Felice,
Carson,
Yuki,
Marty,
Sheldon,
Henry,
Mai,
Buster,
Ariane,
Lonnie,
Veola,
Lynna,
Norberto,
Ambrose,
Carlie,
Lupita,
Vanesa,
Angelo,
Jeremy,
Ena,
Lucienne,
Norman,
Adeline,
Lacy,
Setsuko,
Lesley,
Signe,
Adrianna,
Merrill,
Lidia,
Barbara,
Lucas,
Luke,
Elias,
Dakota,
Tenesha,
Elouise,
Rosalva,
Annita,
Nada,
Marin,
Cordia,
Pamula,
Debbra,
Leilani,
Claudie,
Dorcas,
Nakisha,
Zula,
Altha,
Lita,
Alphonse,
Thaddeus,
Halina,
Kenton,
Arnetta,
Tomiko,
Emily,
Dylan,
Vikki,
Nia,
Stefany,
Bryan,
Kathrin,
Enriqueta,
Tommie,
Darren,
Aurelio,
Jo,
Sam,
Dottie,
Izola,
Bertha,
Diamond,
Vita,
Awilda,
Donte,
Nelida,
Peter,
Chun,
Venita,
Kelli,
Dawne,
Steffanie,
Allison,
Hermelinda,
Gwyneth,
Cherise,
Bernardine,
Douglas,
Arnita,
Seth,
Jerilyn,
Yi,
Song,
Jenelle,
Renita,
Kareen,
Merrill,
Yesenia,
Terrell,
Jong,
Providencia,
Tiara,
Leeanna,
Ami,
Majorie,
Laurine,
Roseann,
Tamesha,
Silva,
Dedra,
Reginald,
Glenna,
Crystal,
Elsa,
Eusebia,
Daphine,
Ming,
Melvin,
Etha,
Meta,
Katelin,
Ezequiel,
Bradford,
Dwayne,
Rocky,
Madie,
Ricky,
Clarissa,
Carmel,
Lexie,
Ivory,
Julianna,
Catrice,
Lynne,
Jaimie,
Aubrey,
Zaida,
Laurie,
Denny,
Josiah,
Esta,
Lurline,
Antonette,
Leora,
Florencia,
Lulu,
Vi,
Shellie,
Arlene,
Glory,
Vashti,
Jasmin,
Lula,
Gay,
Consuelo,
Jean,
Domenica,
Jules,
Hilda,
Verona,
Luciana,
Shelba,
Erna,
Shonda,
Gilberto,
Nakita,
Meda,
Carol,
Gertrudis,
Adina,
Fritz,
Celsa,
Gayla,
Clyde,
Jillian,
Dian,
Francoise,
Bari,
Shona,
Carroll,
Cammie,
Adolfo,
Karisa,
Margarett,
Palmer,
Dorsey,
Dot,
Cassi,
Santina,
Marcus,
Shon,
Yoshie,
Deane,
Bryant,
See,
Winona,
Drusilla,
Dirk,
Jackqueline,
Markita,
Jaleesa,
Avelina,
Lester,
Thalia,
Hilde,
Camie,
Lavina,
Rhoda,
Connie,
Birdie,
Aubrey,
Nellie,
Loriann,
Adah,
Erminia,
Shanon,
Siobhan,
Miki,
Aurea,
Avery,
Adella,
Zandra,
Becky,
Malissa,
Adelaide,
Maureen,
Katelynn,
Clarice,
Aletha,
Zetta,
Nobuko,
Ron,
Afton,
Dallas,
Maryland,
Loise,
Gilda,
Ernestina,
Nohemi,
Jefferson,
Adaline,
Jacalyn,
Lannie,
Aisha,
Jeramy,
Ross,
Jeffery,
Lessie,
Juliann,
Karin,
Voncile,
Carrol,
Moses,
Justin,
Blondell,
Gabrielle,
Lurlene,
Janice,
Jule,
Sharika,
Hollis,
Rosalia,
America,
Devon,
Marty,
Phung,
Madeleine,
Kristan,
Man,
Marlana,
Gerda,
Hailey,
Markus,
Roma,
Mozelle,
Maria,
Alica,
Chung,
Imelda,
Lorenzo,
Ellie,
Margurite,
Alonzo,
Salvatore,
Mark,
Terrance,
Juan,
Benny,
Virgil,
Tameika,
Tracey,
Albert,
Owen,
Ada,
Leandra,
Natisha,
Sydney,
Clarence,
Gaylene,
Verena,
Nikita,
Shirly,
Mahalia,
Gilma,
Scottie,
Claudine,
Bernard,
Lakia,
Coreen,
Jestine,
Jamar,
Magda,
Lena,
Tianna,
Junko,
Flavia,
Brooke,
Katheryn,
Rudolf,
Pattie,
Chantal,
Ricarda,
Vertie,
Ashlee,
Vivan,
Elvin,
Greg,
Glinda,
Dean,
Ronnie,
Johnny,
Rory,
Ute,
Kimberely,
Caren,
Dovie,
Stephenie,
Collen,
Deana,
Sharilyn,
Jeffie,
Violet,
Soledad,
Inocencia,
Suzanne,
Salina,
Temika,
Lilia,
Jannie,
Iesha,
Tristan,
Julie,
Shiela,
Ozell,
Sharyn,
Jaime,
Marquita,
Jacinto,
Irving,
Murray,
Raymon,
Tisha,
Dexter,
Arlen,
Heidi,
Delmer,
Ahmed,
Conrad,
Arnold,
Lily,
Cayla,
Coleen,
Sherice,
Joan,
Chere,
Eric,
Jesusa,
Hilton,
Toccara,
Angelia,
Jimmy,
Dani,
Van,
Roxanne,
Crissy,
Aimee,
Larraine,
Savannah,
Clarence,
Romaine,
Ivory,
Martha,
Babara,
Renaldo,
Ghislaine,
Rich,
Kathy,
Jan,
Sergio,
Andrea,
Adan,
Geraldine,
Johnathan,
Ellis,
Hildegarde,
Benedict,
Fred,
Kesha,
Lorinda,
Bong,
Pamela,
Earlene,
Brenna,
Rowena,
Darlene,
Mallie,
Thi,
Shantay,
Judson,
Dan,
Tamra,
Anne,
Gerald,
Norene,
Bianca,
Quyen,
Charlene,
Oscar,
Alleen,
Jani,
Charley,
Kit,
Denise,
Nelle,
Lida,
Dollie,
Hoa,
Earlie,
Delphia,
Chanelle,
Asley,
Kindra,
Sheila,
Izetta,
Sachiko,
Melany,
Eddy,
Erik,
Jenny,
Lourdes,
Marcia,
Tonya,
Krysten,
Melisa,
Pat,
Bonita,
Paris,
Ellis,
Gaston,
Loreta,
Earlean,
Raymond,
Tamatha,
Wilburn,
Eufemia,
Garth,
Shirlene,
Gabriella,
Victor,
Nelia,
Georgina,
Debby,
Willene,
Joetta,
Pedro,
Carletta,
Torie,
Viva,
Tesha,
Delora,
Joleen,
Doretta,
Tess,
Emmett,
Hien,
Emerald,
Allena,
Leah,
Drew,
Dorinda,
Tim,
Morgan,
Shizuko,
Jinny,
Alta,
Brock,
Lia,
Alix,
Ruthanne,
Necole,
Tyesha,
Darwin,
Donetta,
Armanda,
Alisha,
Cory,
Isaura,
Altagracia,
Celeste,
Florence,
Alana,
Elliot,
Kirby,
Tana,
Joel,
Normand,
Darryl,
Nieves,
Vania,
Aline,
Kina,
Yer,
Lilliam,
Deidra,
Royce,
Jacqulyn,
Joelle,
Walker,
Natasha,
Karly,
Sharri,
Agnes,
Timothy,
Kayleigh,
Rozanne,
Cheyenne,
Trenton,
Reginia,
Carey,
Taisha,
Evon,
Kathlene,
Michell,
Romona,
Moriah,
Norbert,
Han,
Celia,
Soila,
Cassidy,
Stephany,
Sterling,
Jimmie,
Arleen,
Noelia,
Jenni,
Julius,
Sanjuana,
Edyth,
Vito,
Andree,
Bud,
Monnie,
Rosia,
Guadalupe,
Leonia,
Giselle,
Mervin,
Willie,
Ginette,
Jenifer,
Anette,
Laurel,
Germaine,
Gretchen,
Rossie,
Linwood,
Keely,
Lesley,
Lucille,
Jaymie,
Warner,
Corey,
Sherita,
Tessie,
Jenniffer,
Katie,
Danita,
Hugh,
Caridad,
Nilda,
Tammy,
Cristal,
Serina,
Nancee,
Valene,
Tera,
Yvone,
Wyatt,
Keisha,
Daisy,
Patrick,
Mickey,
Demetrius,
Hilary,
Romana,
Katharina,
Armandina,
Celine,
Roman,
Marcelene,
Verna,
Katina,
Freda,
Brandy,
Angelic,
Octavia,
Leann,
Inell,
Elida,
Julieta,
Bernadette,
Roberto,
Ebonie,
Yong,
Emmie,
Mallory,
Porsha,
Herlinda,
Keith,
Johnette,
Marielle,
Elanor,
Hollie,
Maude,
Dori,
Leonora,
Maragaret,
Leesa,
Margorie,
Rickie,
Madaline,
Chae,
Socorro,
Raymundo,
An,
Jay,
Zoe,
Beverlee,
Chante,
Luana,
Arlette,
Clotilde,
Hattie,
Lewis,
Ulysses,
Katherine,
Lavone,
Teressa,
Tama,
Peter,
Denita,
Luna,
Robin,
Laquanda,
Wei,
Ashleigh,
Jeniffer,
Reyna,
Ola,
Florrie,
Sharen,
Gretta,
Yoshiko,
Jackie,
Twanda,
Dorla,
Quintin,
Giovanni,
August,
Loreen,
Michaele,
Vena,
Youlanda,
Jolanda,
Maximina,
Kim,
Colby,
Lee,
Marcell,
Julian,
Marybelle,
China,
Beatriz,
Jack,
Jenna,
Jamie,
Gilberte,
Tracy,
Titus,
Billi,
Maud,
George,
Cindy,
Debroah,
Elvira,
Lavinia,
Tawnya,
Iliana,
Coralee,
Christiana,
Kenneth,
Ronni,
Jona,
Angelina,
Jacquline,
Charita,
Lachelle,
Lori,
Debbie,
Sheena,
Deb,
Karon,
Glenn,
Naoma,
Dung,
Deedee,
Laveta,
Rachele,
Chung,
Devin,
Dorine,
Taren,
Genevive,
Crista,
Malcolm,
Ai,
Marlene,
Danny,
Tanner,
Loyce,
Eboni,
Vickie,
Nadine,
Jon,
Ileen,
Claribel,
Lani,
Claris,
Christen,
Genaro,
Veronique,
Jonelle,
Cythia,
Clare,
Victorina,
Joana,
Yulanda,
Lyndon,
April,
Willard,
Randolph,
Bert,
Luci,
Marie,
Phillip,
Barrie,
Elaina,
Mikki,
Sandee,
Danica,
Brian,
Brain,
Gail,
Jena,
Williemae,
Nora,
Elfriede,
Robyn,
Norman,
Graig,
Lorrie,
Lemuel,
Raelene,
Alec,
Lenny,
Chantel,
Virgilio,
Rebbeca,
Basilia,
Calvin,
Russell,
Willia,
Krystal,
Jessika,
Shera,
Caitlin,
Teddy,
Sumiko,
Chin,
Marcelina,
Damaris,
Neta,
Kyra,
Emilia,
Lissette,
Boris,
Reid,
Hipolito,
Kittie,
Lakita,
Santo,
Tiera,
Hubert,
Edwin,
Jim,
Kristle,
Henry,
Christia,
Mi,
Leone,
Mora,
Eun,
Elizebeth,
Hermina,
Barton,
Son,
Margarete,
Kate,
Delphine,
Lera,
Cami,
Sol,
Jude,
Reynalda,
Grace,
Cathern,
Kiesha,
Claudette,
Hilma,
Kassandra,
Jayne,
Kecia,
Beryl,
Jaclyn,
Bebe,
Cherry,
Lucio,
Denae,
Gus,
Bula,
Hyacinth,
Marcelino,
Tatyana,
Joi,
Thanh,
Felisa,
Nicole,
Patrice,
Brenda,
Dalia,
Azucena,
Stella,
Verdie,
Isiah,
Dulcie,
Angella,
Anya,
Cristie,
Kimberli,
Leonore,
Ronna,
Porsche,
Ocie,
Amee,
Dorris,
Meg,
Ying,
Kisha,
Neva,
Ben,
Jerrod,
Suzy,
Fannie,
Selma,
Eleonor,
Frederica,
Roosevelt,
Melodie,
Flor,
Mozella,
Delinda,
Doris,
Theresia,
Carolyn,
Rodolfo,
Yahaira,
Yasmin,
Hester,
Jonas,
Ardella,
Elli,
Janna,
Leigh,
Tyree,
Mirta,
Ezekiel,
Na,
Sonya,
Shantell,
Maryalice,
Tania,
Tuan,
Danial,
David,
Teodora,
Rivka,
Clara,
Rosana,
Yvette,
Freddie,
In,
Kalyn,
Donnell,
Leatha,
Tory,
Shakia,
Loyd,
Jacque,
Merle,
Truman,
Jimmie,
Mechelle,
Myron,
Martin,
Ranae,
Lakeshia,
Marylee,
Milo,
Shelton,
Margaret,
Elsy,
Michaela,
Rochelle,
Adriane,
Darrick,
Elenore,
Anjelica,
Colin,
Georgine,
Jared,
Yon,
Rita,
Adrian,
Consuela,
Mardell,
Tressie,
Taryn,
Nina,
Teresita,
Chang,
Berta,
Riva,
Bruna,
Kurt,
Allyn,
Sigrid,
Kaci,
Kasey,
Tiffiny,
Nona,
Jennifer,
Elana,
Annalisa,
Missy,
Antonina,
Josphine,
Patrina,
Vicenta,
Emery,
Ashly,
Pinkie,
Celena,
Merrilee,
Anthony,
Brandee,
Tammera,
Margart,
Debbi,
Bennett,
Brook,
Latoya,
Lucile,
Florine,
Teofila,
Eulalia,
Cara,
Hana,
Raphael,
Dia,
Hal,
Wesley,
Marylouise,
Patrica,
Delois,
Wm,
Camille,
Johnnie,
Ellena,
Shan,
Iva,
Selene,
Daryl,
Chang,
Lawrence,
Ned,
Graciela,
Jacqueline,
Sharita,
Asha,
Efrain,
Reina,
Audria,
Katheleen,
Millicent,
Janis,
Fern,
Olga,
Pura,
Coleman,
Noe,
Laurence,
Nancie,
Odette,
Joie,
Alyce,
Valentina,
Phillis,
Amal,
Pamella,
Temple,
Melda,
Shayne,
Lilian,
Leeanne,
Shaunte,
Gordon,
Clementine,
Tamie,
Torrie,
Shavon,
Shawn,
Rosalyn,
Monte,
Elinore,
Dannie,
Launa,
Jacqui,
Loan,
Minta,
Zena,
Sandy,
Kathyrn,
Kimberly,
Dennise,
Martin,
Oscar,
Malorie,
Taylor,
Latanya,
Roxie,
Joshua,
Nerissa,
Mollie,
Cuc,
Mitzi,
Keena,
Joyce,
Charleen,
Donald,
Tyisha,
Jasper,
Natacha,
Willette,
Mariana,
Drema,
Shirlee,
Claud,
Venus,
Marylou,
Lincoln,
Laureen,
Celestine,
Fatima,
Rupert,
Kris,
Caprice,
Louvenia,
Hank,
Lashay,
Rhonda,
Inger,
Chantay,
Phuong,
Francene,
Olene,
Margie,
Jane,
Rossana,
Avril,
Mohammad,
Mohammed,
Merlyn,
Summer,
Josephina,
Jeanett,
Kristin,
Antonio,
Keri,
Shelby,
Meghann,
Olevia,
Lucila,
So,
Vanna,
Orval,
Clarinda,
Nathan,
Tracee,
Janina,
Magan,
Nadia,
Stacey,
Shemeka,
Glennis,
Erma,
Shoshana,
Janise,
Lauralee,
Josette,
Esther,
Amparo,
Wilson,
Sheron,
Adelle,
Lucy,
Jude,
Rosemary,
Ken,
Shelley,
Evonne,
Justa,
Catherine,
Risa,
Maribeth,
Tarsha,
Gustavo,
Lorilee,
Caterina,
Enola,
Yuriko,
Harriet,
Thao,
Betsey,
Daniel,
Lashawnda,
Zada,
Alfonso,
Velma,
Mona,
Gary,
Rocco,
Deanne,
Asa,
Damian,
Danuta,
Eveline,
Antione,
Ching,
Gaye,
Margrett,
Pia,
Burton,
Carmela,
Lindsy,
Geoffrey,
Krystina,
Louanne,
Angeline,
Clifton,
Malcom,
Earnest,
Eli,
Lawerence,
Judi,
Augustine,
Lakiesha,
Judith,
Jamal,
Gema,
Larue,
Terrilyn,
Dominica,
Jammie,
Nicolas,
Serena,
Darrel,
Troy,
Michiko,
Danyelle,
Mertie,
Penny,
Yanira,
Lashell,
Elodia,
Lesha,
Jacqualine,
Gilbert,
Flossie,
Rea,
Julissa,
Zita,
Cruz,
Minh,
Shawanna,
Enrique,
Britt,
Chance,
Cathey,
Ray,
Bettye,
Nancy,
Katherina,
Keva,
Angle,
Shandi,
Kia,
Frederick,
Rosella,
Dante,
Elwood,
Lizeth,
Bradley,
Marivel,
Jannette,
Elenor,
Kathryn,
Cyndy,
Shena,
Perry,
Jackson,
Britni,
Berna,
Humberto,
Assunta,
Elmira,
Mei,
Adam,
Audrea,
Lissa,
Lorie,
Alicia,
Dorthy,
Leigh,
Sacha,
Santiago,
Blossom,
Maribel,
Chia,
Andera,
Megan,
Karl,
Paris,
Simone,
Velda,
Martina,
Kendall,
Almeta,
Sherise,
Billie,
Temeka,
Hsiu,
Claretta,
Frank,
Lynell,
Dena,
Scott,
Riley,
Mavis,
Keira,
Kory,
Rudolph,
Chong,
Eilene,
Wes,
Stephane,
Delilah,
Bernarda,
Donnette,
Ina,
Cody,
Doreen,
Dione,
Yan,
Nevada,
Alexa,
Kandice,
Minnie,
Meredith,
Palmira,
Cristobal,
Pamala,
Irina,
Jerrica,
Maryetta,
Lise,
Colton,
Vivian,
Barbra,
Domonique,
Luetta,
Melanie,
Marshall,
Leanora,
Carmen,
Bruce,
Rosie,
Stanford,
Bethany,
Vicky,
Aida,
Fidelia,
Mauro,
Gertrud,
Augusta,
Shaunda,
Hui,
Corine,
Kirsten,
Stepanie,
Carleen,
Qiana,
Thomas,
Shandra,
Donnie,
Chrissy,
Sulema,
Jerrie,
Adria,
Una,
Kaila,
Norine,
Santos,
Taylor,
Gwyn,
Keith,
Yolande,
Eduardo,
Karen,
Annabelle,
Jolyn,
Jonell,
Arcelia,
Joseph,
Milda,
Jayna,
Sana,
Dominque,
Ferne,
Sonja,
Vanita,
Marica,
Clarita,
Shawnna,
Phylis,
Wilma,
Catheryn,
Svetlana,
Walter,
Saran,
Timika,
Carolynn,
Willian,
Shavonda,
Keiko,
Gwenda,
Carlyn,
Brigida,
Armando,
Yang,
Deidre,
Huong,
Marcie,
Brianne,
Kieth,
Thersa,
Santa,
Margene,
Perry,
Antonio,
Ma,
Donya,
Margaretta,
Tanesha,
Alba,
Pat,
Criselda,
Irma,
Blair,
Millie,
Daisey,
Candelaria,
Shaun,
Terina,
Georgeanna,
Jodee,
Arletta,
David,
Bridget,
Minerva,
Christene,
Barbar,
Cedrick,
Mirian,
Gabriela,
Rosetta,
Jody,
Shara,
Myrta,
Allene,
Roderick,
Cary,
Britney,
Shelia,
Mattie,
Brenton,
Ginger,
Alejandra,
Maira,
Kathi,
Bettyann,
Gigi,
Vesta,
Diedre,
Conchita,
Nelda,
Mignon,
Josefine,
Solomon,
Carrol,
Christa,
Mitzie,
Mimi,
Clarisa,
Scottie,
Carla,
Sibyl,
Petrina,
Marian,
Gregoria,
Shirleen,
Digna,
Samara,
Christel,
Mckinley,
Chara,
Karma,
Kylee,
Eve,
Shawnda,
Mitchell,
Kiley,
Ofelia,
Georgetta,
Ronny,
Valentine,
Lavona,
Tonie,
Lacresha,
Eleonora,
Reta,
Carmella,
Lucia,
Jarvis,
Mae,
Caryn,
Candie,
Cleora,
Vernell,
Katy,
Ashley,
Thomasina,
Jamison,
Arlie,
Jamaal,
Heather,
Darlena,
Ardelle,
Felisha,
Jaqueline,
Cyril,
Lan,
Randall,
Ivy,
Shelby,
Cheryle,
Lenna,
Dusti,
Letty,
Ammie,
Kazuko,
Jannet,
Rocio,
Estela,
Harold,
Alexandria,
Ingeborg,
Tracie,
Allen,
Towanda,
Noah,
Starr,
Denice,
Delila,
Randy,
Latesha,
Yael,
Esteban,
Tonita,
Adriana,
Christie,
Marilou,
Art,
Adena,
Bryon,
Landon,
Mckenzie,
Ji,
Marvel,
Chi,
Devon,
January,
Jenise,
Jutta,
Odell,
Letha,
Lino,
Claire,
Alene,
Wilhemina,
Latrice,
Marita,
Darnell,
Carol,
Tresa,
Allie,
Cherilyn,
Bernie,
Quinton,
India,
Emilio,
Bailey,
Zelma,
Manuel,
Sophia,
Valerie,
Breana,
Dwight,
Wen,
Mistie,
Joel,
Karan,
Austin,
Maryjane,
Charis,
Tommy,
Dagny,
Hyon,
Laura,
Dewey,
Marvin,
Samantha,
Catherina,
Tommye,
Hilaria,
Percy,
Ping,
Sondra,
Ivonne,
Rey,
Larisa,
Edgar,
Larae,
Lasonya,
Akiko,
Charlott,
Jacinda,
Maida,
Lowell,
Guillermo,
Joane,
Kayleen,
Brigid,
Theda,
Elly,
Clair,
Erica,
Adell,
Felica,
Dyan,
Ronald,
Harland,
Yuko,
Alejandro,
Gino,
Milton,
Elsie,
Sabra,
Nery,
Salena,
Adolph,
Veronica,
Micaela,
Emilee,
Brian,
Roxann,
Marcy,
Felicita,
Lamonica,
Lashawna,
Arnoldo,
Ilene,
Abel,
Roberta,
Tristan,
Ta,
Gladys,
Sallie,
Nannette,
Kermit,
Nikia,
Chelsey,
Rick,
Morris,
Latoria,
Aleida,
Deneen,
Misti,
Wiley,
Johnson,
Gisele,
Cornelia,
Serafina,
Niesha,
Sammy,
Carlos,
Glynda,
Sue,
Shaunta,
Lorna,
Catharine,
Bell,
Maudie,
Mirna,
Major,
Donn,
Lane,
Edda,
Cherryl,
Lyndia,
Macie,
Bobby,
Sharolyn,
Cathleen,
Dixie,
Corrinne,
Travis,
Jeneva,
Barabara,
Otha,
Kathryne,
Holli,
Jesse,
Shanita,
Neely,
Janessa,
Ollie,
Regena,
Dorie,
Trina,
Kristie,
Rebecca,
Marcela,
Mina,
Dion,
Hue,
Margery,
Reuben,
Cari,
Naida,
Sean,
Kasi,
Kerstin,
Rosalind,
Brandon,
Genesis,
Pearline,
Mica,
Dawna,
Addie,
Fernando,
Rosa,
Lilliana,
Phil,
Kyla,
Charise,
Jen,
Leana,
Kelvin,
Dorethea,
Lenore,
Ashely,
Genoveva,
Yasmine,
Fonda,
William,
Alden,
Oneida,
Georgeann,
Hugo,
Larry,
Yolanda,
Min,
Duncan,
Jayme,
Lucie,
Carissa,
Dwana,
Merideth,
Rosaura,
Patricia,
Trish,
Guadalupe,
Kristofer,
Miguelina,
Joesph,
Rosalie,
Elisabeth,
Latisha,
Jacelyn,
Lynnette,
Lucinda,
Jenell,
Camilla,
Fabian,
Kiara,
Liana,
Micheal,
Kathern,
Dahlia,
Karey,
Deedra,
Rayna,
Alecia,
Kacey,
Stan,
Spring,
Aliza,
Al,
Remedios,
Genevieve,
Mose,
Devona,
Roxy,
Edna,
Bertie,
Gary,
Luann,
Karri,
Yee,
Casandra,
Caroline,
Melva,
Sena,
Vance,
Meghan,
Jeanice,
Filomena,
Stephanie,
Romelia,
Keenan,
Gricelda,
Clorinda,
Virginia,
Larry,
Jazmin,
Yun,
Wilford,
Vernia,
Neda,
Trey,
Estefana,
Chandra,
Galen,
Sylvie,
Leticia,
Sina,
Yong,
Donita,
Paulette,
Marva,
Taina,
Latina,
Gerry,
Nanette,
Yvonne,
Dennis,
Emmaline,
Vannessa,
Ozella,
Felton,
Janella,
Tanna,
Brittani,
Alline,
Fabiola,
Mildred,
William,
Jerica,
Hannelore,
Jeannetta,
Lauren,
Beatris,
Denna,
Myrtle,
Johnna,
Milagro,
Toi,
Glendora,
Hermila,
Michael,
Trista,
Elwanda,
Liberty,
Abigail,
Kanesha,
Napoleon,
Everett,
Jewel,
Alysha,
Eloise,
Dona,
Tabatha,
Kenyatta,
Ladawn,
Ileana,
Krysta,
Jeraldine,
Nickolas,
Sook,
Nola,
Randi,
Hiroko,
Johnsie,
Elda,
Lea,
Tyler,
Charlesetta,
Nan,
Queenie,
Maegan,
Neida,
Bryce,
Werner,
Laraine,
Cori,
Masako,
Carisa,
Raymond,
Lu,
Calista,
Brandon,
Gerald,
Audra,
Sammie,
Sabine,
Danilo,
Kallie,
Bunny,
Charlotte,
Daphne,
Salvador,
Suzette,
Mari,
Agatha,
Garfield,
Sang,
Reba,
Adrienne,
Man,
Cleta,
Lura,
Babette,
Rosaria,
Elma,
Theola,
Manie,
Hassie,
Viola,
Melvina,
Pennie,
Dorene,
Flo,
Phyliss,
Lashanda,
Corinne,
Shakita,
Marisela,
Anna,
Paulina,
Rolland,
Marchelle,
Helena,
Milford,
Kimberley,
Alaine,
Cyndi,
Scot,
Bessie,
Catherin,
Yu,
Xochitl,
Pam,
Davina,
Goldie,
Kristina,
Allen,
Numbers,
Mao,
Melinda,
Laronda,
Ilda,
Thurman,
Morgan,
Walter,
Rodrigo,
Khalilah,
Scott,
Jeana,
Reggie,
Alex,
Benito,
Ernest,
Shalon,
Anton,
Jeannine,
Jone,
Charlena,
Daren,
Michale,
Leonardo,
Johanne,
Candance,
Annalee,
Danna,
Onie,
Lyn,
Edward,
Juli,
Orville,
Joselyn,
Mayola,
Leeann,
Sybil,
Antone,
Mellisa,
Cletus,
Lamont,
Ka,
Latasha,
Lady,
Lara,
Vanetta,
Reatha,
Lashonda,
Elvia,
Danyel,
Gerry,
Twanna,
Chase,
Kimbery,
Mac,
Monika,
Marilynn,
Hedy,
Annika,
Karol,
Janetta,
Madison,
Lizbeth,
Annie,
Buck,
Krishna,
Lakenya,
Francesca,
Frankie,
Garret,
Charlyn,
Karissa,
Jeffry,
Leo,
Darell,
Lyla,
Rafaela,
Nita,
Francie,
Salome,
Leontine,
Indira,
Hye,
Malinda,
Fleta,
Natalia,
Rob,
Tyrell,
Tammie,
Gerri,
Melba,
Maritza,
Bruno,
Clemmie,
Leona,
Esmeralda,
Elene,
Myrtice,
Deanna,
Christian,
Dania,
Kristy,
Ashlea,
Roslyn,
Stephaine,
Pa,
Twyla,
Herb,
Tony,
Carlena,
Chloe,
Noemi,
Nicola,
Kali,
Ahmad,
Maryanna,
Jaquelyn,
Elmo,
Grazyna,
Trudi,
Terry,
Paola,
Edward,
Evie,
Latricia,
Jacquelin,
Gregory,
Jame,
Desirae,
Tiffany,
Inez,
Lillia,
Santos,
Marcella,
Muoi,
Karena,
Sharmaine,
Toshia,
Craig,
Laila,
Maris,
Stephania,
Leoma,
Janee,
Paulene,
Salley,
Laurinda,
Kai,
Reynaldo,
Clementina,
Haydee,
Nancey,
Ligia,
Cordie,
Ira,
Tu,
Darrell,
Kaye,
Shaina,
Philip,
Tequila,
Miyoko,
Terrie,
Kerri,
Dorothea,
Sharie,
Marg,
Wanda,
Meryl,
Zonia,
Joline,
Bobette,
Marlena,
Otha,
Maximo,
Hwa,
Devorah,
Princess,
Shery,
Tuyet,
Dionne,
Trena,
Mark,
Penelope,
Aiko,
Shari,
Veda,
Ehtel,
Melita,
Randy,
Maple,
Many,
Eric,
Hayley,
Ardis,
Kristyn,
Bok,
Micah,
Justina,
Sheri,
Alpha,
Delmy,
Gaynell,
Levi,
Daniela,
Lajuana,
Dayna,
Booker,
Charline,
Anderson,
Diego,
Zelda,
Josue,
Valorie,
Lizzie,
Sherley,
Teodoro,
Machelle,
Elke,
Delcie,
Zoraida,
Anthony,
Monserrate,
Marnie,
Carl,
Delores,
Cassondra,
Blythe,
Bonny,
Lora,
Anisa,
Anisha,
Geri,
Rebeca,
Marilee,
Val,
Courtney,
Harvey,
Glynis,
Krissy,
Franklin,
Broderick,
Deon,
Virgie,
Crystle,
Callie,
Nikki,
Hope,
Emerson,
Stanley,
Denisse,
Alonso,
Tonja,
Shirley,
Kenneth,
Maranda,
Hisako,
Marianela,
Tad,
Archie,
Breanna,
Krystin,
Jessie,
Ione,
Seymour,
Madelaine,
Augustina,
Natalie,
Carley,
Cicely,
Audry,
Brittaney,
Bennie,
Pasty,
Nannie,
Susann,
Roscoe,
Pilar,
Deeann,
Kenyetta,
Lala,
Fredric,
Lester,
Caleb,
Weldon,
Shanda,
Starla,
Leta,
Shanna,
Delma,
Maia,
Toni,
Bambi,
Chantell,
Oren,
Sarita,
Francis,
Bettina,
Wendy,
Liz,
Vickey,
Lelia,
Glady,
Kristel,
Norah,
Cassey,
Eulah,
Alexandra,
Marion,
Miles,
Shanika,
Kristine,
Sommer,
Will,
Cameron,
Tawanda,
Dorthea,
Chasity,
Lanell,
Kathaleen,
Lanette,
Dacia,
Geneva,
Natividad,
Jeanmarie,
Alyse,
Chastity,
Ivey,
Christopher,
Josephine,
Floria,
Latosha,
Jennefer,
Vanessa,
Thad,
Nicholle,
Lanelle,
Eliz,
Maxine,
Marlo,
Donella,
Etta,
Kenda,
Trinh,
Andreas,
Eloy,
Pok,
Kaylee,
Lahoma,
Portia,
Roxana,
Cecille,
Roselee,
Valarie,
Roseanna,
Van,
Stanton,
Brendan,
Virgen,
Deangelo,
Mirtha,
Melodee,
Alishia,
Jessenia,
Dane,
Illa,
Carolina,
Marketta,
Danae,
Nakesha,
Shonna,
Carin,
Shirely,
Elna,
Nilsa,
Londa,
Pamila,
Tom,
Nena,
Jackelyn,
Myrtie,
Bobbie,
Mary,
Ardelia,
Adrien,
Verla,
Lyman,
Max,
Susannah,
Dorotha,
Talitha,
Sarai,
Eden,
Lakesha,
Lavonne,
Hans,
Lionel,
Oma,
Prudence,
Roger,
Mellissa,
Cora,
Terry,
Tosha,
Toby,
Ethel,
Erich,
James,
Rickie,
Larhonda,
Vaughn,
Fernande,
Sherry,
Shira,
Lynda,
Jeni,
Robin,
Zenaida,
Arlena,
Silvana,
Dwain,
Dalton,
Whitley,
Ginny,
Alvin,
Tena,
Wilbur,
Lang,
Destiny,
Lila,
Christi,
Doretha,
Kylie,
Tommie,
Rana,
Victoria,
Marceline,
Agnus,
Wilber,
Eleni,
Jenae,
Renetta,
Delena,
Parthenia,
Loree,
Adrian,
Joe,
Rolando,
Georgann,
Melvin,
Lisa,
Wilmer,
Foster,
Chana,
Randa,
Rosario,
Lottie,
Eldon,
Melani,
Yuk,
Renae,
Kathlyn,
Mariann,
Helen,
Loura,
Jackie,
Kimberlee,
Verlene,
Eryn,
Jesus,
Dede,
Bethel,
Shannon,
Alfreda,
Hollis,
Keren,
Kimberlie,
Ali,
Eddie,
Leonarda,
Wonda,
Jewell,
Julienne,
Haywood,
Freeda,
Jennette,
Steven,
Adele,
Tessa,
Bernita,
Jerome,
Dong,
Leida,
Leola,
Alva,
Stuart,
Roy,
Mariano,
Cinthia,
Magali,
Hyo,
Anastacia,
Echo,
Logan,
Juliet,
Lelah,
Rhett,
Yukiko,
Mariam,
Kelsi,
Apolonia,
Shane,
Carmen,
Simonne,
Magnolia,
Sha,
Stephani,
September,
Forest,
Elvis,
Lauran,
Cathi,
Stasia,
Lewis,
Raisa,
Aleisha,
Jeffrey,
Loma,
Vonda,
Arielle,
Rudy,
Elaine,
Rolf,
Cruz,
Toby,
Dreama,
Berenice,
Marna,
Charles,
Jamika,
Isidra,
Precious,
Lavonda,
Merrie,
Mitsuko,
Mitchell,
Kristen,
Billy,
Sharell,
Evia,
Brittny,
Shaniqua,
Edwina,
Soraya,
Althea,
Floretta,
Reanna,
Lue,
Kirk,
Vanda,
Cheryl,
Isidro,
Winter,
Angelo,
Clinton,
Su,
Rachelle,
Ollie,
Mamie,
Nolan,
Kam,
Fanny,
Carma,
Minda,
Kaitlyn,
Janette,
Blanche,
Katharine,
Alfonzo,
Chaya,
Antwan,
Sharla,
Lane,
Myung,
Aleshia,
Jonna,
Michelle,
Wallace,
Zola,
Dee,
Dana,
Sindy,
Katrice,
Leisha,
Sharron,
Kaleigh,
Tinisha,
Eugenio,
Reagan,
Loren,
Elbert,
Tanja,
Keeley,
Robbie,
Modesta,
Jewel,
Bess,
Mazie,
Elmer,
Renee,
Eura,
Bethann,
Faustino,
Delpha,
Bernie,
Janey,
Neil,
Jacki,
Jessie,
Delta,
Kip,
Elois,
Troy,
Collin,
Sherrill,
Billye,
Claudio,
Susie,
Alanna,
Lavonna,
Lili,
Domenic,
Andres,
Arlean,
Lavenia,
Lorraine,
Luanne,
Pearle,
Janeth,
Kenisha,
Celesta,
Chauncey,
Ericka,
Sari,
Fidela,
Liane,
Dallas,
Stefan,
Marilyn,
Bao,
Carrie,
Lawrence,
Vernie,
Nicky,
Lavern,
Rozella,
Joshua,
Jessi,
Maura,
Gertude,
Maybell,
Huey,
Leota,
Donnie,
Helga,
Paz,
Cinda,
Farrah,
Agustin,
Colleen,
Freddie,
Joycelyn,
Andy,
Deloras,
Kerrie,
Mellie,
Rae,
Fredrick,
Janie,
Kami,
Albertina,
Angie,
Nicholas,
Mickie,
Vella,
Belinda,
Gaylord,
Kelly,
Kathrine,
Hallie,
Shantelle,
Raquel,
Darla,
Rachel,
Sueann,
Phylicia,
Tiana,
Louetta,
Alesia,
Arminda,
Rodger,
Wilhelmina,
Bette,
Robbyn,
Leia,
Daniell,
Blanca,
Kristal,
Sunshine,
Shelly,
Caryl,
Bernardo,
Sheilah,
Kathleen,
Lucilla,
Tisa,
Argentina,
Herman,
Rosann,
Rodney,
Chery,
Thomasena,
Genevie,
Cristin,
Hang,
Brandi,
Yaeko,
Janeen,
Britta,
Oliver,
Carmelita,
Concha,
Carina,
Maddie,
Denisha,
Genny,
Cameron,
Stacy,
Emely,
Davida,
Benita,
Marianna,
Terrell,
Aleta,
Shanelle,
Kimbra,
Leonard,
Demetria,
Tawna,
Cristy,
Andrew,
Fredricka,
Julietta,
Latonya,
Thora,
Tasha,
Le,
Lilla,
Jennine,
Gena,
Herma,
Marx,
Kyle,
Kyoko,
Joanne,
Idell,
Tora,
Hanna,
Fermin,
Chadwick,
Leila,
Pauletta,
Maxie,
Abby,
Retha,
Kellie,
Tamisha,
Lauri,
Elyse,
Buford,
Kizzie,
Raymonde,
Olympia,
Natashia,
Lizzette,
Jeanine,
Peggie,
Nathanael,
Marissa,
Nila,
Alayna,
Meridith,
Kari,
Bibi,
Bernice,
Jann,
Audie,
Herbert,
Mila,
Alva,
Edythe,
Wanita,
Ling,
Nick,
Alexander,
Hermine,
Efren,
Linda,
Maurita,
Tonda,
Isis,
Demetrius,
Tyra,
Giovanna,
Orpha,
Karima,
Easter,
Versie,
Wendie,
Gerard,
Elvera,
Jocelyn,
Joanna,
Birgit,
Kamilah,
Hung,
Christin,
Jeanetta,
Piedad,
Doug,
Chiquita,
Clyde,
Christeen,
Karrie,
Kirstin,
Alease,
Jeane,
Magdalen,
Caron,
Patricia,
Nickie,
Tressa,
Leonor,
Paula,
Mickey,
Zachery,
Vern,
Rosita,
Shila,
Jarrod,
Antonietta,
Oralee,
Sharan,
Lindsay,
Quentin,
Ralph,
Sheryll,
Margareta,
Cesar,
Doria,
Tabetha,
Shani,
Rosalinda,
Albina,
Vernon,
Elton,
Walton,
Debi,
Sheba,
Nova,
Pearlie,
Carline,
Alita,
Nella,
Patsy,
Genia,
Jamey,
Cecil,
Darius,
Sid,
Christy,
Kelly,
Jerald,
Earleen,
Nathaniel,
Kacie,
Nidia,
Willow,
Luther,
Malisa,
Shenika,
Lonna,
Shondra,
Sheryl,
Roselyn,
Almeda,
Young,
Linh,
Sammie,
Rueben,
Joya,
Wendi,
Tanya,
Rusty,
Barrett,
Roni,
Isabell,
Lourie,
Idalia,
Kaylene,
Josie,
Selena,
Todd,
Leonida,
Mammie,
Tegan,
Sharee,
Larita,
Herminia,
Conception,
Jonnie,
Cherly,
Kymberly,
Newton,
Scarlet,
Verlie,
Earl,
Rolanda,
Marti,
Glayds,
Cathrine,
Maynard,
Everette,
Lanita,
Cherrie,
Alisa,
Mireya,
Felicitas,
Glenn,
Thu,
Ona,
Aaron,
Jacques,
Marlon,
Jolie,
Edmond,
Jazmine,
Floy,
Georgiann,
Lillian,
Guy,
Toshiko,
Rico,
Charlette,
Lyndsay,
Kennith,
Beverly,
Season,
Harmony,
Isaiah,
Laurette,
Aurelia,
Jamel,
Olive,
Billy,
Abraham,
Sherron,
Raven,
Etsuko,
Xiao,
Chanell,
Danille,
Williams,
Houston,
Vergie,
Danika,
Columbus,
Evalyn,
Louann,
Raylene,
Shannan,
Letisha,
Alexis,
Louella,
Maisie,
Evangelina,
Genie,
Eartha,
Lorina,
Hyman,
Alysa,
Dotty,
Dann,
Angelena,
Lona,
Paul,
Kristi,
Hiedi,
Jeremy,
Karry,
Shirley,
Edris,
Verda,
Stacie,
Kasie,
Maxwell,
Gabriel,
Sherlyn,
Cleveland,
Sydney,
Tam,
Paulita,
Tamera,
Kyle,
Queen,
Trudy,
Basil,
Dominique,
Mira,
Lovetta,
Theresa,
Francisco,
Fransisca,
Gertrude,
Joan,
Kendall,
Rosenda,
Tory,
Iona,
Deena,
Magaret,
Selina,
Rhona,
Russel,
Sang,
Mitchel,
Wilfred,
Pierre,
Billie,
Zenobia,
Oralia,
Bertram,
Gracie,
Clora,
Ayesha,
Rubin,
Joann,
Sally,
Henrietta,
Cammy,
Marquerite,
Roland,
Dinorah,
Annelle,
Librada,
Jeff,
Monty,
Dewitt,
Fletcher,
Sidney,
Shay,
Pandora,
Christal,
Marietta,
Johnnie,
Cecil,
Lavelle,
Brittney,
Freeman,
Tomoko,
Reva,
Hae,
Ira,
Fausto,
Laure,
Lynelle,
Cristen,
Charity,
Curtis,
Sylvester,
Lekisha,
Candice,
Jacquelynn,
Sherrie,
Mel,
Rochel,
Ceola,
Shayna,
Lloyd,
Annette,
Bev,
Quinn,
Georgene,
Carlton,
Li,
Marleen,
Ashlyn,
Shae,
Lorelei,
Anh,
Minna,
Otis,
Alysia,
Ashli,
Leanna,
Venetta,
Yolonda,
John,
Minh,
Samatha,
Agripina,
Magdalena,
Shantel,
Golden,
Herschel,
Shawanda,
Arianna,
Shala,
Bradly,
Ramonita,
Brett,
Sonny,
Ted,
Jovan,
Chieko,
Cedric,
Maurice,
Alphonso,
Elza,
Arturo,
Florene,
Faith,
Rosina,
Autumn,
Alfredo,
Alison,
Adelaida,
Daniella,
Carman,
Breanne,
Marjory,
Frank,
Sylvia,
Faye,
Rufus,
Royal,
Brett,
Sung,
Mariella,
Errol,
Colette,
Denis,
Teri,
Edwardo,
Regenia,
Kathe,
Victor,
Antony,
Franklyn,
Alvina,
Terence,
Karren,
Katelyn,
Lezlie,
Jesica,
Candi,
Derick,
Erin,
Ayako,
Kamala,
Glenda,
Lanie,
Miquel,
Rhiannon,
Janet,
Sherwood,
Jeffrey,
Glennie,
Somer,
Barbera,
Page,
Marcellus,
Shanel,
Quiana,
Ardath,
Tanisha,
Filiberto,
Amira,
Ima,
Maryann,
Omar,
Buena,
Allyson,
Joette,
Camelia,
Laquita,
Len,
Emelda,
Tracey,
Tierra,
Elise,
Dave,
Mia,
Richard,
Betty,
Cherie,
Tawana,
Lorita,
Julee,
Damien,
Ramona,
Jovita,
Dominique,
Penni,
Beth,
Dionna,
Violette,
Beckie,
Cassandra,
Antonetta,
Bonnie,
Carter,
Vinnie,
Shayne,
Lana,
Gabriel,
Hortencia,
Zack,
Brice,
Wilton,
Hoyt,
Latrisha,
Ethelyn,
Hong,
Hunter,
Margit,
Shaun,
Andrea,
Detra,
Sharda,
Alvaro,
Alycia,
Arlyne,
Deshawn,
Soo,
Tereasa,
Patty,
Artie,
Warren,
Alissa,
Roselia,
Violeta,
Darcel,
Madge,
Phebe,
Hiram,
Noel,
Cindie,
Laine,
Darnell,
Annabel,
Edmund,
Darline,
Arthur,
Betsy,
Lynwood,
Gracia,
Yetta,
Linnie,
Kira,
Carli,
Rosanne,
Janyce,
Rona,
Olinda,
Sebastian,
Pei,
Juliana,
Dorthey,
Mindi,
Gavin,
Holley,
Delicia,
Lawanna,
Cathy,
Jina,
Star,
Sunni,
Beau,
Pearl,
Dell,
Cecilia,
Sabrina,
Sunny,
Patti,
Shela,
James,
Valery,
Robbi,
Madalene,
Corinna,
Noriko,
Leroy,
Beaulah,
Shea,
Jeannette,
Dagmar,
Cecile,
Sherell,
Theodora,
Kandra,
Verdell,
Tamiko,
Myrna,
Maren,
Rickey,
Carola,
Kirstie,
Maisha,
Shauna,
Lucina,
Celinda,
Devin,
Dianna,
Diedra,
Refugia,
Ida,
Marget,
Arletha,
Ladonna,
Piper,
Angelyn,
Anja,
Linette,
Cris,
Wan,
Merri,
Christine,
Leslie,
Arianne,
Sanjuanita,
Ciara,
Calandra,
Rodrick,
Odell,
Latrina,
Hannah,
Dorothy,
Kandis,
Refugio,
Russ,
Glen,
Honey,
Kasey,
Latarsha,
Francine,
Suzie,
Ruby,
Fredia,
Emerita,
Tiffaney,
Numbers,
Eustolia,
Mafalda,
Cinderella,
Lisbeth,
Delbert,
Homer,
Benton,
Luanna,
Hilario,
Javier,
Loni,
Amado,
Shawna,
Marine,
Odis,
Louie,
Daniel,
Wally,
Nichol,
Bridgett,
Carlita,
Cristina,
Jonie,
Dolores,
Livia,
Janelle,
Marguerite,
Moises,
Angelika,
Stevie,
Erinn,
Jama,
Valeria,
Jetta,
Marcel,
Frieda,
Cordell,
Emory,
Wilbert,
Matilda,
Libby,
Polly,
Alane,
Amada,
Heath,
Cherish,
Osvaldo,
Dorian,
Perla,
Daysi,
Kiana,
Lucrecia,
Preston,
Doyle,
Ann,
Jonathan,
Marni,
Marguerita,
Chris,
Monet,
Beula,
Hildegard,
Curtis,
Mana,
Senaida,
Ophelia,
Danelle,
Odelia,
Golda,
Sherri,
Bo,
Ricardo,
Jana,
Wynona,
Jae,
Luis,
Joeann,
Tayna,
Abbey,
Amie,
Mandi,
Isabella,
Merry,
Lance,
Monique,
Candy,
Felix,
Josefa,
Merlene,
Carmina,
Isreal,
Howard,
Virgina,
Royce,
Jill,
Neal,
Kanisha,
Kasandra,
Benjamin,
Lavonia,
Della,
Antionette,
Charla,
Katharyn,
Doreatha,
Gudrun,
Michal,
Alexis,
Angela,
Grant,
Ivan,
Shirl,
Slyvia,
Dessie,
Mittie,
Tracy,
Lela,
Harrison,
Kimi,
Maya,
Robert,
Ricki,
Carlota,
Sixta,
Tamala,
Abram,
Elvina,
Tomasa,
Nana,
Rosanna,
Lakeesha,
Farah,
Georgianne,
Inge,
Letitia,
Teresia,
Ethyl,
Sudie,
Rubie,
Cliff,
Shannon,
Cecila,
Winfred,
Jacquiline,
Felicidad,
Mary,
Tyson,
Albertine,
Cher,
Anitra,
Horacio,
Cierra,
Ngan,
Zulema,
Bulah,
Nicol,
Elnora,
Deandra,
Arden,
Patrick,
Zella,
Euna,
Myesha,
Miss,
Aura,
Hellen,
Brittany,
Olen,
Mike,
Josh,
Karmen,
Cleopatra,
Mackenzie,
Evette,
Flora,
Sharlene,
Shawnta,
Ardell,
Sherill,
Nichelle,
Emile,
Takisha,
Corene,
Loretta,
Pablo,
Tula,
Jene,
Lamar,
Jacquetta,
Jacquelyn,
Refugio,
Mika,
Azzie,
Lupe,
Ludivina,
Gwenn,
Sheree,
Albert,
Trinidad,
Douglass,
My,
Tanika,
Azalee,
Kenya,
Viki,
Erin,
Karlene,
Stevie,
Milissa,
Matthew,
Loralee,
Sol,
Brady,
Darci,
Kenny,
Misty,
Delmar,
Carole,
Rashida,
Yelena,
Byron,
Ernesto,
Grisel,
Rachal,
Gene,
Kathey,
Domingo,
Dolly,
Laticia,
Rikki,
Irmgard,
Jerrold,
Hildred,
Iluminada,
Fredericka,
Zona,
Mireille,
Ilse,
Estell,
Sanda,
Quincy,
Sun,
Suzi,
Caroll,
Sabina,
Daina,
Tod,
Charissa,
Takako,
Anika,
Liza,
Breann,
Kent,
Cole,
Zoila,
Jewell,
Tomika,
Ozie,
Kraig,
Oswaldo,
Elva,
Corina,
Velvet,
Eliza,
Branda,
Emilie,
Clayton,
Kurtis,
Tari,
Nathanial,
Juliane,
Loris,
Kyong,
Sanford,
Sidney,
Remona,
Nickole,
Fairy,
Vennie,
Rudy,
Gertha,
Whitney,
Adelia,
Delia,
Regina,
Robt,
Marianne,
Renata,
Christina,
Enid,
Desiree,
Sheridan,
Larissa,
Marco,
Maurine,
Trisha,
Romeo,
Lien,
Whitney,
Pearlene,
Janean,
Lou,
Yasuko,
Martine,
Carlotta,
Ronnie,
Thea,
Ava,
Makeda,
Terica,
Gail,
Randell,
Mercedez,
Abe,
Tennie,
Evelin,
Frida,
Keesha,
Brooks,
Un,
Meaghan,
Deirdre,
Robby,
Jake,
Fawn,
Cristi,
Eugene,
Denese,
Kassie,
Enedina,
Laci,
George,
Tomi,
Carolin,
Margo,
Hedwig,
Contessa,
Emmanuel,
Alethia,
Oretha,
Concetta,
Raguel,
Angel,
Melynda,
Linsey,
Juanita,
Tifany,
Francisca,
Maryellen,
Lasandra,
Xenia,
Eneida,
Belva,
Ignacio,
Ria,
Ashanti,
Mario,
Lean,
Sandi,
Theo,
Fallon,
Jaunita,
Beulah,
Vera,
Carolyne,
Carylon,
Laurena,
Eugene,
Herta,
Joni,
Nam,
Kasha,
Miranda,
Darcie,
Jeanie,
Cornell,
Elizbeth,
Raina,
Marcene,
Shaneka,
Ramon,
Eldridge,
Gale,
Nell,
Jenee,
Priscilla,
Mitsue,
Arla,
Lai,
Kortney,
Pearly,
Obdulia,
Talisha,
Lashunda,
Anastasia,
Joella,
Terresa,
Idella,
Lashaunda,
Junie,
Brianna,
Mabel,
Elvie,
Cheri,
Sharon,
Richelle,
Suk,
Jerry,
Horace,
Austin,
Gala,
Christena,
Joy,
Jacinta,
Margarette,
Allegra,
Lashon,
Rina,
Annamarie,
Marcos,
Jame,
Melissa,
Anneliese,
Roxane,
Matha,
Damon,
Neville,
Maxima,
Steven,
Nisha,
Marybeth,
Valeri,
Constance,
Angeles,
Lorretta,
Evelyn,
Claude,
Reiko,
Mariel,
Margert,
Torri,
Suellen,
Ellsworth,
Derek,
Delsie,
Apryl,
Gillian,
Jolynn,
Melania,
Elden,
Camellia,
Pamelia,
Tien,
Andrew,
Noma,
Eladia,
Darcy,
Khadijah,
Son,
Arline,
Collene,
Kevin,
Micha,
Eliseo,
Gina,
Michal,
Elmer,
Rebbecca,
Charlie,
Jamee,
Nanci,
Brigitte,
Barney,
Aurore,
Amy,
Loida,
Lee,
Daniele,
Brande,
Elin,
Jaye,
Charles,
Ethan,
Lisette,
Alda,
Clair,
Darron,
Jaime,
Ursula,
Rochell,
Dayle,
Hortense,
Lyda,
Henriette,
Thomas,
Fred,
Nicolle,
Joanie,
Coralie,
Dara,
Kelley,
Amelia,
Yevette,
Augustine,
Ulrike,
Jacquie,
Vallie,
Clement,
Margret,
Trang,
Marge,
Jordan,
Lauryn,
Christinia,
Bettie,
Leatrice,
Faustina,
Karolyn,
Lenora,
Mathew,
Lashawn,
Evangeline,
Sophie,
Daria,
Sirena,
Sherie,
Gwen,
Adalberto,
Angel,
Roselle,
Samella,
Keneth,
Wenona,
Judy,
Laverne,
Ardith,
Sara,
Casimira,
Nestor,
Lauren,
Emelia,
Fiona,
Von,
Mozell,
Leonila,
Yadira,
Stephan,
Earline,
Kym,
Edmundo,
Sunday,
Madlyn,
Corey,
Concepcion,
Gennie,
King,
Hillary,
Maybelle,
Ok,
Estrella,
Brant,
Lorrine,
Junita,
Mayra,
Sherilyn,
Erika,
Michele,
Dean,
Dion,
Armida,
Angla,
Diana,
Myrl,
Tabitha,
Odessa,
Tami,
Asia,
Chester,
Elisa,
Jack,
Eda,
Alona,
Ora,
Jenice,
Ivana,
Liliana,
Melonie,
Sadye,
Anibal,
Dawn,
Ilana,
Lindsey,
Ayana,
Chantelle,
Jami,
Tova,
Tasia,
Dana,
Leandro,
Clay,
Merissa,
Rutha,
Louisa,
Santana,
Ines,
Tish,
Tyrone,
Brinda,
Winnie,
Tobie,
Marlys,
Ronda,
Tijuana,
Kevin,
Alesha,
Ana,
Wai,
Mercy,
Clifford,
Rosalina,
Daron,
Norris,
Joye,
Kacy,
Chanel,
Jadwiga,
Karla,
Kala,
Mason,
Leisa,
Casey,
Dannette,
Jacquelyne,
Mack,
Zenia,
Willena,
Tonette,
Francina,
Wynell,
Petra,
Melida,
Stefanie,
Jody,
Coretta,
Gaynelle,
Madonna,
Beata,
Belkis,
Sharleen,
Latashia,
Valrie,
Rebecka,
Argelia,
Loren,
Gussie,
Clarine,
Jung,
Britany,
Shyla,
Shantae,
Eleanor,
Elba,
Rufina,
Delorse,
Andra,
Alberta,
Vicente,
Mike,
Annice,
Samuel,
Corrine,
Vicki,
Karie,
Bethanie,
Deann,
Coletta,
Donnetta,
Xavier,
Hobert,
Tamar,
Erasmo,
Lorene,
Ellan,
Lisha,
Vannesa,
Stephen,
Tiffanie,
Eugenie,
Lieselotte,
Rosario,
Ruthie,
Rasheeda,
Bryanna,
Silvia,
Ferdinand,
Rene,
Renay,
Rubye,
Hertha,
Ed,
Cynthia,
Zora,
Ervin,
Analisa,
Raye,
Maryln,
Melodi,
Freida,
Alverta,
Matthew,
Emiko,
Luba,
Florida,
Maragret,
Malvina,
Willis,
Tai,
Aide,
Deon,
Marvella,
Zachariah,
Scarlett,
Paul,
Deborah,
Andre,
Demarcus,
Modesto,
Zofia,
Long,
Margarito,
Lynn,
Rolande,
Emogene,
Rosalba,
Melissia,
Sharice,
Alla,
Nyla,
Veta,
Stormy,
Lory,
Reed,
Rachell,
Jessia,
Leighann,
Lettie,
Lawanda,
Vina,
Harley,
Marilu,
Ivette,
Malena,
Erwin,
Dennis,
Opal,
Frances,
Gonzalo,
Fae,
Evita,
Lynsey,
Treasa,
Olin,
Anissa,
Erline,
Jospeh,
Oliva,
Epifania,
Cleo,
Lakendra,
Barb,
Crysta,
Agueda,
Janene,
Lennie,
Hassan,
Audrey,
Lesli,
Michel,
Krystyna,
Suzan,
Frances,
Marla,
Fay,
Graham,
Tangela,
Kimiko,
Mirella,
Debrah,
Isabel,
Dianne,
Kenia,
Matilde,
Mandie,
Cheryll,
Shiloh,
Cherri,
Vince,
Florentina,
Cary,
Julene,
Delana,
Colene,
Taunya,
Desmond,
Mendy,
Meggan,
Aileen,
Timothy,
Georgie,
Teresa,
Stefania,
Lizette,
Rene,
Corrina,
Jere,
Sherril,
Ariana,
Else,
Dale,
Rebekah,
Veronika,
Mario,
Heriberto,
Linnea,
Lois,
Marya,
Fatimah,
Reyes,
Nathalie,
Raeann,
Malika,
Haley,
Ismael,
Joslyn,
Moshe,
Syble,
Emeline,
Eloisa,
Tara,
Terri,
Philomena,
Timmy,
Vernice,
Winnifred,
Yajaira,
Florance,
Frederic,
Meagan,
Elayne,
Blair,
Frankie,
Joey,
Cecelia,
Audrie,
Milan,
Antonia,
Gil,
Lorena,
Heike,
Drucilla,
Cleotilde,
Vincent,
Nicolasa,
Elenora,
Nu,
Bee,
Del,
Joaquin,
Kera,
Christiane,
Jason,
Zana,
Bart,
Phoebe,
Anglea,
Bernadine,
Vivienne,
Rosamaria,
Nelly,
Roberto,
Arron,
Margy,
Chet,
Sherlene,
Johnie,
Ward,
Susan,
Dalene,
Halley,
Alton,
Maurice,
Alessandra,
Leena,
Willie,
Mikel,
Cathryn,
Cyrstal,
Terisa,
Alia,
Deonna,
Alisia,
Naomi,
Sarina,
Natalya,
Val,
Isobel,
Marion,
Arlinda,
Karl,
Carmelo,
Valentine,
Derrick,
Elease,
Janine,
Donette,
Nedra,
Lavada,
Cecily,
Malia,
Eliana,
Grady,
Skye,
Laree,
Paige,
Sarah,
Nenita,
Tiffani,
Raleigh,
Nichole,
Olivia,
Johnie,
Cleo,
Isaias,
Hee,
Shanice,
Kaitlin,
Lonnie,
Demetra,
Bob,
Stacey,
Nida,
Chrystal,
Melody,
Randee,
Luciano,
Edra,
Georgette,
Les,
Logan,
Lorean,
Nicolette,
Josef,
Leigha,
Shakira,
Louise,
Susanna,
Emil,
Milly,
Mariah,
Cheree,
Scotty,
Lovella,
Nicki,
Rod,
Eldora,
Elfreda,
Kiyoko,
Teisha,
Noelle,
Elia,
Berniece,
Eula,
Venessa,
Xuan,
Cordelia,
Jeannie,
Tillie,
Marina,
Alexander,
Reena,
Treena,
Ruthann,
Dortha,
Deja,
Kerry,
Marisha,
Ruben,
Georgia,
Harlan,
Janett,
Migdalia,
Rosemarie,
Theressa,
Kay,
Amina,
Karleen,
Pete,
Edith,
Thomasine,
Maria,
Helaine,
Lauretta,
Solange,
Valencia,
Corliss,
Stephnie,
Tennille,
Sparkle,
Toya,
Lakeisha,
Marjorie,
Ashley,
Giuseppina,
Jae,
Shaquita,
Kayla,
Margherita,
Merna,
Gisela,
